{"stats":{"minecraft:mined":{"minecraft:grass":1,"minecraft:sand":1,"minecraft:spruce_log":5},"minecraft:used":{"minecraft:rotten_flesh":2,"minecraft:spruce_boat":2,"minecraft:wooden_axe":25,"minecraft:crafting_table":1},"minecraft:crafted":{"minecraft:spruce_boat":1,"minecraft:crafting_table":1,"minecraft:spruce_planks":20,"minecraft:stick":8,"minecraft:wooden_pickaxe":1,"minecraft:wooden_axe":1},"minecraft:picked_up":{"minecraft:rotten_flesh":2,"minecraft:copper_ingot":1,"minecraft:spruce_boat":2,"pointblank:gunmetal_nugget":9,"minecraft:sand":1,"apocalypsenow:jet_pilot_leggings":1,"minecraft:spruce_log":5},"minecraft:killed":{"minecraft:drowned":2,"minecraft:zombie":1},"minecraft:custom":{"minecraft:time_since_rest":24464,"minecraft:sprint_one_cm":37183,"minecraft:play_time":24464,"minecraft:damage_taken":135,"minecraft:walk_one_cm":10313,"minecraft:walk_under_water_one_cm":190,"minecraft:mob_kills":3,"minecraft:boat_one_cm":11700,"minecraft:jump":122,"minecraft:damage_dealt":598,"minecraft:time_since_death":24464,"minecraft:leave_game":3,"minecraft:walk_on_water_one_cm":4715,"minecraft:total_world_time":24464,"minecraft:swim_one_cm":6264,"minecraft:interact_with_crafting_table":2,"minecraft:fall_one_cm":2668,"minecraft:fly_one_cm":38751}},"DataVersion":3465}