{"stats":{"minecraft:custom":{"minecraft:jump":108,"minecraft:time_since_rest":13061,"minecraft:leave_game":1,"minecraft:sprint_one_cm":34014,"minecraft:play_time":13061,"minecraft:damage_taken":20,"minecraft:time_since_death":13061,"minecraft:walk_one_cm":9461,"minecraft:total_world_time":13061,"minecraft:fall_one_cm":2402,"minecraft:fly_one_cm":15753},"minecraft:picked_up":{"minecraft:spruce_log":3},"minecraft:crafted":{"minecraft:spruce_planks":12},"minecraft:mined":{"minecraft:spruce_log":3,"minecraft:spruce_leaves":13}},"DataVersion":3465}